id,sales_date,sales_amount,producto
2,2024-01-01,4986,Mouse
3,2024-01-02,5143,Teclado
4,2024-01-03,3345,Mouse
5,2024-01-04,5262,Auriculares
6,2024-01-05,3461,Monitor
7,2024-01-06,1950,Mouse
8,2024-01-07,4757,Teclado
9,2024-01-08,8158,Webcam
10,2024-01-09,5708,Mouse
11,2024-01-10,6630,Auriculares
12,2024-01-11,6123,Notebook
13,2024-01-12,5896,Mouse
14,2024-01-13,7084,Teclado
15,2024-01-14,4923,Monitor
16,2024-01-15,1951,Mouse
17,2024-01-16,5537,Auriculares
18,2024-01-17,2780,Webcam
19,2024-01-18,6289,Teclado
20,2024-01-19,2627,Mouse
21,2024-01-20,6485,Notebook
22,2024-01-21,6802,Mouse
23,2024-01-22,5644,Teclado
24,2024-01-23,4402,Mouse
25,2024-01-24,1423,Auriculares
26,2024-01-25,4103,Monitor
27,2024-01-26,4231,Mouse
28,2024-01-27,3532,Teclado
29,2024-01-28,6359,Webcam
30,2024-01-29,5631,Mouse
31,2024-01-30,3006,Auriculares
32,2024-01-31,5759,Notebook
33,2024-02-01,8139,Mouse
34,2024-02-02,5226,Teclado
35,2024-02-03,2670,Monitor
36,2024-02-04,5161,Mouse
37,2024-02-05,1185,Auriculares
38,2024-02-06,7828,Webcam
39,2024-02-07,4554,Teclado
40,2024-02-08,2538,Mouse
41,2024-02-09,3910,Notebook
42,2024-02-10,2138,Mouse
43,2024-02-11,5824,Teclado
44,2024-02-12,6824,Mouse
45,2024-02-13,3110,Auriculares
46,2024-02-14,3908,Monitor
47,2024-02-15,5034,Mouse
48,2024-02-16,5610,Teclado
49,2024-02-17,3886,Webcam
50,2024-02-18,2182,Mouse
51,2024-02-19,7839,Auriculares
52,2024-02-20,6759,Notebook
53,2024-02-21,2988,Mouse
54,2024-02-22,8378,Teclado
55,2024-02-23,3687,Monitor
56,2024-02-24,2129,Mouse
57,2024-02-25,3176,Auriculares
58,2024-02-26,4755,Webcam
59,2024-02-27,8677,Teclado
60,2024-02-28,6840,Mouse
61,2024-02-29,1096,Notebook
62,2024-03-01,6821,Mouse
63,2024-03-02,1194,Teclado
64,2024-03-03,7062,Mouse
65,2024-03-04,3336,Auriculares
66,2024-03-05,5460,Monitor
67,2024-03-06,3851,Mouse
68,2024-03-07,2204,Teclado
69,2024-03-08,2737,Webcam
70,2024-03-09,7020,Mouse
71,2024-03-10,7182,Auriculares
72,2024-03-11,1451,Notebook
73,2024-03-12,7700,Mouse
74,2024-03-13,7353,Teclado
75,2024-03-14,7923,Monitor
76,2024-03-15,5953,Mouse
77,2024-03-16,5148,Auriculares
78,2024-03-17,6748,Webcam
79,2024-03-18,3184,Teclado
80,2024-03-19,4594,Mouse
81,2024-03-20,8960,Notebook
82,2024-03-21,8948,Mouse
83,2024-03-22,5657,Teclado
84,2024-03-23,1089,Mouse
85,2024-03-24,4110,Auriculares
86,2024-03-25,4898,Monitor
87,2024-03-26,7982,Mouse
88,2024-03-27,1280,Teclado
89,2024-03-28,2410,Webcam
90,2024-03-29,4629,Mouse
91,2024-03-30,6766,Auriculares
92,2024-03-31,1845,Notebook
93,2024-04-01,2672,Mouse
94,2024-04-02,8603,Teclado
95,2024-04-03,2208,Monitor
96,2024-04-04,7242,Mouse
97,2024-04-05,4253,Auriculares
98,2024-04-06,3143,Webcam
99,2024-04-07,6120,Teclado
100,2024-04-08,8550,Mouse
101,2024-04-09,6393,Notebook
102,2024-04-10,6997,Mouse
103,2024-04-11,7153,Teclado
104,2024-04-12,5983,Mouse
105,2024-04-13,8376,Auriculares
106,2024-04-14,7807,Monitor
107,2024-04-15,5347,Mouse
108,2024-04-16,2203,Teclado
109,2024-04-17,7504,Webcam
110,2024-04-18,4292,Mouse
111,2024-04-19,6631,Auriculares
112,2024-04-20,4138,Notebook
113,2024-04-21,1003,Mouse
114,2024-04-22,8097,Teclado
115,2024-04-23,5721,Monitor
116,2024-04-24,6910,Mouse
117,2024-04-25,2409,Auriculares
118,2024-04-26,6801,Webcam
119,2024-04-27,2870,Teclado
120,2024-04-28,6514,Mouse
121,2024-04-29,2644,Notebook
122,2024-04-30,2281,Mouse
123,2024-05-01,4256,Teclado
124,2024-05-02,2317,Mouse
125,2024-05-03,8916,Auriculares
126,2024-05-04,4586,Monitor
127,2024-05-05,3282,Mouse
128,2024-05-06,1971,Teclado
129,2024-05-07,4710,Webcam
130,2024-05-08,8747,Mouse
131,2024-05-09,2896,Auriculares
132,2024-05-10,6239,Notebook
133,2024-05-11,3606,Mouse
134,2024-05-12,6373,Teclado
135,2024-05-13,1049,Monitor
136,2024-05-14,5317,Mouse
137,2024-05-15,6247,Auriculares
138,2024-05-16,1665,Webcam
139,2024-05-17,2716,Teclado
140,2024-05-18,1588,Mouse
141,2024-05-19,5774,Notebook
142,2024-05-20,4395,Mouse
143,2024-05-21,6423,Teclado
144,2024-05-22,2335,Mouse
145,2024-05-23,6160,Auriculares
146,2024-05-24,4680,Monitor
147,2024-05-25,5045,Mouse
148,2024-05-26,7809,Teclado
149,2024-05-27,8294,Webcam
150,2024-05-28,3825,Mouse
151,2024-05-29,3640,Auriculares
152,2024-05-30,7140,Notebook
153,2024-05-31,8350,Mouse
154,2024-06-01,2244,Teclado
155,2024-06-02,3406,Monitor
156,2024-06-03,6935,Mouse
157,2024-06-04,1869,Auriculares
158,2024-06-05,5445,Webcam
159,2024-06-06,6366,Teclado
160,2024-06-07,2993,Mouse
161,2024-06-08,3163,Notebook
162,2024-06-09,2286,Mouse
163,2024-06-10,8188,Teclado
164,2024-06-11,4453,Mouse
165,2024-06-12,5043,Auriculares
166,2024-06-13,8209,Monitor
167,2024-06-14,2572,Mouse
168,2024-06-15,3745,Teclado
169,2024-06-16,2565,Webcam
170,2024-06-17,1840,Mouse
171,2024-06-18,3952,Auriculares
172,2024-06-19,3114,Notebook
173,2024-06-20,6381,Mouse
174,2024-06-21,4369,Teclado
175,2024-06-22,5751,Monitor
176,2024-06-23,3052,Mouse
177,2024-06-24,8441,Auriculares
178,2024-06-25,1319,Webcam
179,2024-06-26,5281,Teclado
180,2024-06-27,5846,Mouse
181,2024-06-28,7240,Notebook
182,2024-06-29,5801,Mouse
183,2024-06-30,7368,Teclado
184,2024-07-01,4536,Mouse
185,2024-07-02,3424,Auriculares
186,2024-07-03,7071,Monitor
187,2024-07-04,3073,Mouse
188,2024-07-05,5944,Teclado
189,2024-07-06,3517,Webcam
190,2024-07-07,6201,Mouse
191,2024-07-08,3477,Auriculares
192,2024-07-09,8031,Notebook
193,2024-07-10,7675,Mouse
194,2024-07-11,3872,Teclado
195,2024-07-12,3192,Monitor
196,2024-07-13,4671,Mouse
197,2024-07-14,2798,Auriculares
198,2024-07-15,1802,Webcam
199,2024-07-16,6390,Teclado
200,2024-07-17,5082,Mouse
201,2024-07-18,6996,Notebook
202,2024-07-19,1031,Mouse
203,2024-07-20,1378,Teclado
204,2024-07-21,2436,Mouse
205,2024-07-22,7300,Auriculares
206,2024-07-23,3271,Monitor
207,2024-07-24,2297,Mouse
208,2024-07-25,6847,Teclado
209,2024-07-26,7706,Webcam
210,2024-07-27,1746,Mouse
211,2024-07-28,4323,Auriculares
212,2024-07-29,7712,Notebook
213,2024-07-30,7022,Mouse
214,2024-07-31,5439,Teclado
215,2024-08-01,1773,Monitor
216,2024-08-02,1557,Mouse
217,2024-08-03,3670,Auriculares
218,2024-08-04,3368,Webcam
219,2024-08-05,8823,Teclado
220,2024-08-06,5829,Mouse
221,2024-08-07,5509,Notebook
222,2024-08-08,3517,Mouse
223,2024-08-09,4054,Teclado
224,2024-08-10,4702,Mouse
225,2024-08-11,2895,Auriculares
226,2024-08-12,2241,Monitor
227,2024-08-13,4899,Mouse
228,2024-08-14,7834,Teclado
229,2024-08-15,6631,Webcam
230,2024-08-16,2473,Mouse
231,2024-08-17,1989,Auriculares
232,2024-08-18,7079,Notebook
233,2024-08-19,7096,Mouse
234,2024-08-20,2765,Teclado
235,2024-08-21,6821,Monitor
236,2024-08-22,5530,Mouse
237,2024-08-23,4786,Auriculares
238,2024-08-24,8193,Webcam
239,2024-08-25,4591,Teclado
240,2024-08-26,3878,Mouse
241,2024-08-27,7639,Notebook
242,2024-08-28,8339,Mouse
243,2024-08-29,5906,Teclado
244,2024-08-30,4889,Mouse
245,2024-08-31,6938,Auriculares
246,2024-09-01,7117,Monitor
247,2024-09-02,8077,Mouse
248,2024-09-03,1954,Teclado
249,2024-09-04,7271,Webcam
250,2024-09-05,5840,Mouse
251,2024-09-06,5020,Auriculares
252,2024-09-07,7970,Notebook
253,2024-09-08,4888,Mouse
254,2024-09-09,6986,Teclado
255,2024-09-10,8305,Monitor
256,2024-09-11,8437,Mouse
257,2024-09-12,7037,Auriculares
258,2024-09-13,5300,Webcam
259,2024-09-14,8689,Teclado
260,2024-09-15,7511,Mouse
261,2024-09-16,2186,Notebook
262,2024-09-17,5355,Mouse
263,2024-09-18,5529,Teclado
264,2024-09-19,5838,Mouse
265,2024-09-20,3792,Auriculares
266,2024-09-21,6433,Monitor
267,2024-09-22,4715,Mouse
268,2024-09-23,4350,Teclado
269,2024-09-24,2102,Webcam
270,2024-09-25,2546,Mouse
271,2024-09-26,2358,Auriculares
272,2024-09-27,8824,Notebook
273,2024-09-28,5723,Mouse
274,2024-09-29,5664,Teclado
275,2024-09-30,7207,Monitor
276,2024-10-01,3824,Mouse
277,2024-10-02,1038,Auriculares
278,2024-10-03,1672,Webcam
279,2024-10-04,5838,Teclado
280,2024-10-05,3786,Mouse
281,2024-10-06,3265,Notebook
282,2024-10-07,7323,Mouse
283,2024-10-08,8940,Teclado
284,2024-10-09,5311,Mouse
285,2024-10-10,1816,Auriculares
286,2024-10-11,4414,Monitor
287,2024-10-12,6557,Mouse
288,2024-10-13,6387,Teclado
289,2024-10-14,2848,Webcam
290,2024-10-15,4659,Mouse
291,2024-10-16,4938,Auriculares
292,2024-10-17,1062,Notebook
293,2024-10-18,7225,Mouse
294,2024-10-19,5186,Teclado
295,2024-10-20,5689,Monitor
296,2024-10-21,2227,Mouse
297,2024-10-22,8858,Auriculares
298,2024-10-23,2328,Webcam
299,2024-10-24,3199,Teclado
300,2024-10-25,2495,Mouse
301,2024-10-26,4244,Notebook
302,2024-10-27,4358,Mouse
303,2024-10-28,2870,Teclado
304,2024-10-29,1791,Mouse
305,2024-10-30,1219,Auriculares
306,2024-10-31,2013,Monitor
307,2024-11-01,4450,Mouse
308,2024-11-02,2084,Teclado
309,2024-11-03,7349,Webcam
310,2024-11-04,7188,Mouse
311,2024-11-05,3819,Auriculares
312,2024-11-06,2832,Notebook
313,2024-11-07,6027,Mouse
314,2024-11-08,2830,Teclado
315,2024-11-09,6864,Monitor
316,2024-11-10,5024,Mouse
317,2024-11-11,7305,Auriculares
318,2024-11-12,1118,Webcam
319,2024-11-13,4616,Teclado
320,2024-11-14,7345,Mouse
321,2024-11-15,6597,Notebook
322,2024-11-16,6178,Mouse
323,2024-11-17,5619,Teclado
324,2024-11-18,2805,Mouse
325,2024-11-19,1846,Auriculares
326,2024-11-20,2092,Monitor
327,2024-11-21,7527,Mouse
328,2024-11-22,2293,Teclado
329,2024-11-23,4386,Webcam
330,2024-11-24,8691,Mouse
331,2024-11-25,7223,Auriculares
332,2024-11-26,2875,Notebook
333,2024-11-27,6666,Mouse
334,2024-11-28,6556,Teclado
335,2024-11-29,5300,Monitor
336,2024-11-30,7234,Mouse
337,2024-12-01,5144,Auriculares
338,2024-12-02,8947,Webcam
339,2024-12-03,8507,Teclado
340,2024-12-04,6525,Mouse
341,2024-12-05,3100,Notebook
342,2024-12-06,7785,Mouse
343,2024-12-07,8835,Teclado
344,2024-12-08,6009,Mouse
345,2024-12-09,3740,Auriculares
346,2024-12-10,7586,Monitor
347,2024-12-11,4185,Mouse
348,2024-12-12,5171,Teclado
349,2024-12-13,4934,Webcam
350,2024-12-14,5209,Mouse
351,2024-12-15,3111,Auriculares
352,2024-12-16,5654,Notebook
353,2024-12-17,3040,Mouse
354,2024-12-18,6499,Teclado
355,2024-12-19,8900,Monitor
356,2024-12-20,3174,Mouse
357,2024-12-21,4716,Auriculares
358,2024-12-22,1383,Webcam
359,2024-12-23,6321,Teclado
360,2024-12-24,3676,Mouse
361,2024-12-25,8269,Notebook
362,2024-12-26,6740,Mouse
363,2024-12-27,1645,Teclado
364,2024-12-28,5371,Mouse
365,2024-12-29,2007,Auriculares
366,2024-12-30,7257,Monitor
367,2024-12-31,1071,Mouse
